"id","name"
"3-l-racing-team","3-L Racing Team"
"aaw-racing-team","AAW Racing Team"
"ace-garage-rotherham","Ace Garage Rotherham"
"adolf-brudes","Adolf Brudes"
"advance-muffler","Advance Muffler"
"ae-dean","A.E. Dean"
"afm","AFM"
"ags","AGS"
"ahm-bryde","AHM Bryde"
"ahrens-racing-team","Ahrens Racing Team"
"alan-brown-equipe","Alan Brown Equipe"
"alberto-uria","Alberto Uria"
"albilad-saudia-racing-team","Albilad-Saudia Racing Team"
"albilad-williams-racing-team","Albilad-Williams Racing Team"
"alfa-romeo-f1-team-orlen","Alfa Romeo F1 Team Orlen"
"alfa-romeo-f1-team-stake","Alfa Romeo F1 Team Stake"
"alfa-romeo-racing-orlen","Alfa Romeo Racing Orlen"
"alfa-romeo-racing","Alfa Romeo Racing"
"alfa-romeo-sauber-f1-team","Alfa Romeo Sauber F1 Team"
"alfa-romeo-spa","Alfa Romeo SpA"
"alfred-dattner","Alfred Dattner"
"allied-polymer-group","Allied Polymer Group"
"alpine-f1-team","Alpine F1 Team"
"ambrosio-shadow-racing","Ambrosio Shadow Racing"
"andre-guelfi","André Guelfi"
"andre-pilette","André Pilette"
"andre-simon","André Simon"
"andre-testut","André Testut"
"andrea-moda-formula","Andrea Moda Formula"
"andy-granatelli","Andy Granatelli"
"anglo-american-equipe","Anglo-American Equipe"
"anglo-american-racers","Anglo American Racers"
"anglo-suisse-racing-team","Anglo-Suisse Racing Team"
"ansted-rotary-corp","Ansted Rotary Corp"
"antique-automobiles-racing-team","Antique Automobiles Racing Team"
"antique-automobiles","Antique Automobiles"
"antonio-branca","Antonio Branca"
"antonio-creus","Antonio Creus"
"arrows-f1-team","Arrows F1 Team"
"arrows-racing-team","Arrows Racing Team"
"arthur-legat","Arthur Legat"
"arthur-owen","Arthur Owen"
"aston-martin-aramco-cognizant-f1-team","Aston Martin Aramco Cognizant F1 Team"
"aston-martin-aramco-f1-team","Aston Martin Aramco F1 Team"
"aston-martin-cognizant-f1-team","Aston Martin Cognizant F1 Team"
"aston-martin-red-bull-racing","Aston Martin Red Bull Racing"
"atlantic-stable","Atlantic Stable"
"ats-racing-team","ATS Racing Team"
"ats-wheels","ATS Wheels"
"att-williams","AT&T Williams"
"auto-motor-und-sport-team-surtees","Auto Motor und Sport Team Surtees"
"auto-motor-und-sport","Auto Motor und Sport"
"autodelta","Autodelta"
"automobiles-bugatti","Automobiles Bugatti"
"automobiles-martini","Automobiles Martini"
"automobiles-talbot-darracq","Automobiles Talbot-Darracq"
"automobili-turismo-e-sport","Automobili Turismo e Sport"
"autosport-team-wolfgang-seidel","Autosport Team Wolfgang Seidel"
"bang-olufsen-team-surtees","Bang & Olufsen Team Surtees"
"barclay-arrows-bmw","Barclay Arrows BMW"
"barclay-nordica-arrows-bmw","Barclay Nordica Arrows BMW"
"bardahl","Bardahl"
"bayerische-motoren-werke-ag","Bayerische Motoren Werke AG"
"belanger-motors","Belanger Motors"
"benetton-formula","Benetton Formula"
"benetton-team-alfa-romeo","Benetton Team Alfa Romeo"
"benetton-tyrrell-team","Benetton Tyrrell Team"
"benson-hedges-jordan-ford","Benson & Hedges Jordan Ford"
"benson-hedges-jordan-honda","Benson & Hedges Jordan Honda"
"benson-hedges-jordan-peugeot","Benson & Hedges Jordan Peugeot"
"benson-hedges-jordan","Benson & Hedges Jordan"
"benson-hedges-total-jordan-peugeot","Benson & Hedges Total Jordan Peugeot"
"bernard-collomb","Bernard Collomb"
"bernard-white-racing","Bernard White Racing"
"bernhard-nacke","Bernhard Nacke"
"bernie-c-ecclestone","Bernie C. Ecclestone"
"bessie-lee-paoli","Bessie Lee Paoli"
"beta-team-march","Beta Team March"
"beta-team-surtees","Beta Team Surtees"
"bignotti-bowes-racing","Bignotti-Bowes Racing"
"bill-whitehouse","Bill Whitehouse"
"blakely","Blakely"
"blanchard-automobile-co","Blanchard Automobile Co."
"blignaut-embassy-racing","Blignaut Embassy Racing"
"blignaut-lucky-strike-racing","Blignaut Lucky Strike Racing"
"blue-crown-spark-plug","Blue Crown Spark Plug"
"bmw-sauber-f1-team","BMW Sauber F1 Team"
"bmw-williamsf1-team","BMW WilliamsF1 Team"
"bob-estes","Bob Estes"
"bob-gerard-racing","Bob Gerard Racing"
"bob-gerard","Bob Gerard"
"bob-sorenson","Bob Sorenson"
"bowmaker-yeoman-racing-team","Bowmaker-Yeoman Racing Team"
"brabham-racing-organisation","Brabham Racing Organisation"
"brands-hatch-racing","Brands Hatch Racing"
"braun-tyrrell-honda","Braun Tyrrell Honda"
"brawn-gp-formula-1-team","Brawn GP Formula 1 Team"
"brian-gubby","Brian Gubby"
"brian-mcguire","Brian McGuire"
"brian-shawe-taylor","Brian Shawe-Taylor"
"british-american-racing","British American Racing"
"british-formula-one-racing-team","British Formula One Racing Team"
"british-racing-partnership","British Racing Partnership"
"brm-ltd","BRM Ltd"
"broker-sauber-mercedes","Broker Sauber Mercedes"
"brooke-bond-oxo-racing-with-rob-walker","Brooke Bond Oxo Racing/Rob Walker"
"brooke-bond-oxo-team-surtees","Brooke Bond Oxo Team Surtees"
"bruce-halford","Bruce Halford"
"bruce-mclaren-motor-racing","Bruce McLaren Motor Racing"
"bwt-alpine-f1-team","BWT Alpine F1 Team"
"bwt-racing-point-f1-team","BWT Racing Point F1 Team"
"caltex-racing-team","Caltex Racing Team"
"camel-benetton-ford","Camel Benetton Ford"
"camel-team-lotus-honda","Camel Team Lotus Honda"
"camel-team-lotus","Camel Team Lotus"
"camoradi-international","Camoradi International"
"camoradi-usa","Camoradi USA"
"canadian-stebro-racing","Canadian Stebro Racing"
"candy-toleman-motorsport","Candy Toleman Motorsport"
"candy-tyrrell-team","Candy Tyrrell Team"
"canon-williams-honda-team","Canon Williams Honda Team"
"canon-williams-team","Canon Williams Team"
"canon-williams","Canon Williams"
"carl-l-anderson","Carl L. Anderson"
"cars-inc","Cars Inc."
"castrol-oils-ltd","Castrol Oils Ltd"
"caterham-f1-team","Caterham F1 Team"
"central-excavating","Central Excavating"
"central-park-venturi-larrousse","Central Park Venturi Larrousse"
"centro-asegurador-f1","Centro Asegurador F1"
"ceramica-pagnossin-mrd","Ceramica Pagnossin MRD"
"ceramica-pagnossin-team-surtees","Ceramica Pagnossin Team Surtees"
"champcarr-inc","Champcarr Inc."
"chapman-s-root","Chapman S. Root"
"charles-pozzi","Charles Pozzi"
"charles-vogele-racing","Charles Vögele Racing"
"chesterfield-racing","Chesterfield Racing"
"chris-amon-racing","Chris Amon Racing"
"first-national-city-bank-team-penske","First National City Bank Team Penske"
"city-of-glendale","City of Glendale"
"clarke-mordaunt-guthrie-racing","Clarke-Mordaunt-Guthrie Racing"
"clemente-biondetti","Clemente Biondetti"
"clive-puzey-motors","Clive Puzey Motors"
"co-prather","C.O. Prather"
"coast-grain","Coast Grain"
"coloni-racing","Coloni Racing"
"coloni","Coloni"
"connaught-cars-paul-emery","Connaught Cars-Paul Emery"
"connaught-engineering","Connaught Engineering"
"cooper-car-company","Cooper Car Company"
"copersucar-fittipaldi","Copersucar Fittipaldi"
"ct-atkins","C.T. Atkins"
"cummins-diesel","Cummins Diesel"
"custom-made-harry-stiller-racing","Custom Made Harry Stiller Racing"
"cuth-harrison","Cuth Harrison"
"daimler-benz-ag","Daimler Benz AG"
"dalton-amon-international","Dalton-Amon International"
"dan-levine","Dan Levine"
"danka-arrows-yamaha","Danka Arrows Yamaha"
"danka-zepter-arrows","Danka Zepter Arrows"
"darnval-connew-racing-team","Darnval Connew Racing Team"
"data-general-team-tyrrell","Data General Team Tyrrell"
"david-bridges","David Bridges"
"david-brown-corporation","David Brown Corporation"
"david-fry","David Fry"
"david-prophet","David Prophet"
"dean-van-lines-racing","Dean Van Lines Racing"
"dean-van-lines","Dean Van Lines"
"deck-manufacturing","Deck Manufacturing"
"dempster-international-racing-team","Dempster International Racing Team"
"denim-osella","Denim Osella"
"dennis-taylor","Dennis Taylor"
"derrington-francis-racing-team","Derrington-Francis Racing Team"
"dhl-jordan-honda","DHL Jordan Honda"
"dick-gibson","Dick Gibson"
"dora-greifzu","Dora Greifzu"
"dorchester-service-station","Dorchester Service Station"
"dr-ing-f-porsche-kg","Dr. Ing. F. Porsche KG"
"dr-rn-sabourin","Dr. R.N. Sabourin"
"duncan-hamilton","Duncan Hamilton"
"dunn-engineering","Dunn Engineering"
"dupont-team-zerex","Dupont Team Zerex"
"durex-team-surtees","Durex Team Surtees"
"dw-racing-enterprises","DW Racing Enterprises"
"ecurie-belge","Ecurie Belge"
"ecurie-belgique","Ecurie Belgique"
"ecurie-bleue","Ecurie Bleue"
"ecurie-bonnier","Ecurie Bonnier"
"ecurie-demi-litre","Ecurie Demi Litre"
"ecurie-ecosse","Ecurie Ecosse"
"ecurie-eperon-dor","Ecurie Eperon d'Or"
"ecurie-espadon","Ecurie Espadon"
"ecurie-evergreen","Ecurie Evergreen"
"ecurie-excelsior","Ecurie Excelsior"
"ecurie-filipinetti","Ecurie Filipinetti"
"ecurie-ford-france","Ecurie Ford-France"
"ecurie-francorchamps","Ecurie Francorchamps"
"ecurie-galloise","Ecurie Galloise"
"ecurie-lutetia","Ecurie Lutetia"
"ecurie-maarsbergen","Ecurie Maarsbergen"
"ecurie-nationale-suisse","Ecurie Nationale Suisse"
"ecurie-richmond","Ecurie Richmond"
"ecurie-rosier","Ecurie Rosier"
"ecurie-tomahawk","Ecurie Tomahawk"
"ed-stone","Ed Stone"
"ed-walsh","Ed Walsh"
"el-charro","El Charro"
"elf-team-tyrrell","Elf Team Tyrrell"
"elie-bayol","Élie Bayol"
"ellen-mckinney-zink","Ellen McKinney Zink"
"embassy-racing-with-graham-hill","Embassy Racing with Graham Hill"
"embassy-racing","Embassy Racing"
"emeryson-cars","Emeryson Cars"
"emmanuel-de-graffenried","Emmanuel de Graffenried"
"emmett-malloy","Emmett Malloy"
"en-whiteaway","E.N. Whiteaway"
"english-racing-automobiles-ltd","English Racing Automobiles Ltd"
"enrico-plate","Enrico Platé"
"ensign-racing","Ensign Racing"
"enzo-coloni-racing-car-system","Enzo Coloni Racing Car System"
"equipe-anglaise","Equipe Anglaise"
"equipe-gordini","Equipe Gordini"
"equipe-ligier-gitanes","Équipe Ligier Gitanes"
"equipe-ligier","Équipe Ligier"
"equipe-matra-elf","Équipe Matra Elf"
"equipe-matra-sports","Équipe Matra Sports"
"equipe-moss","Equipe Moss"
"equipe-nationale-belge","Equipe Nationale Belge"
"equipe-prideaux-dick-gibson","Equipe Prideaux/Dick Gibson"
"equipe-renault-elf","Équipe Renault Elf"
"equipe-scirocco-belge","Equipe Scirocco Belge"
"equipe-talbot-gitanes","Équipe Talbot Gitanes"
"er-casale","E.R. Casale"
"ernest-l-ruiz","Ernest L. Ruiz"
"ernie-pieterse","Ernie Pieterse"
"ernst-klodwig","Ernst Klodwig"
"ernst-loof","Ernst Loof"
"erwin-bauer","Erwin Bauer"
"erwin-wolfe","Erwin Wolfe"
"escuderia-bandeirantes","Escuderia Bandeirantes"
"espo-larrousse-f1","ESPO Larrousse F1"
"etihad-aldar-spyker-f1-team","Etihad Aldar Spyker F1 Team"
"ettore-chimeri","Ettore Chimeri"
"eugene-casaroll","Eugene Casaroll"
"eugene-chaboud","Eugène Chaboud"
"eurobrun-racing","EuroBrun Racing"
"european-minardi-f1","European Minardi F1"
"fabre-urbain","Fabre Urbain"
"fadely-anderson","Fadely-Anderson"
"federal-auto-associates","Federal Auto Associates"
"felday-engineering-ltd","Felday Engineering Ltd"
"fila-sport-brabham","Fila Sport Brabham"
"first-national-city-elf-team-tyrrell","First National City Elf Team Tyrrell"
"first-racing","FIRST Racing"
"fisa","FISA"
"fittipaldi-automotive","Fittipaldi Automotive"
"flame-out-team-surtees","Flame Out Team Surtees"
"fondmetal-minardi-team","Fondmetal Minardi Team"
"fondmetal-osella","Fondmetal Osella"
"fondmetal","Fondmetal"
"footwork-arrows-racing","Footwork Arrows Racing"
"footwork-ford","Footwork Ford"
"footwork-hart","Footwork Hart"
"footwork-mugen-honda","Footwork Mugen Honda"
"footwork-porsche","Footwork Porsche"
"force-india-f1-team","Force India F1 Team"
"forti-grand-prix","Forti Grand Prix"
"francesco-godia-sales","Francesco Godia Sales"
"francis-bardazon","Francis Bardazon"
"francisco-landi","Francisco Landi"
"frank-dochnal","Frank Dochnal"
"frank-williams-racing-cars","Frank Williams Racing Cars"
"franklin-merkler","Franklin Merkler"
"fred-armbruster","Fred Armbruster"
"fred-gerhardt","Fred Gerhardt"
"fred-richard-sommer","Fred & Richard Sommer"
"fred-sclavi","Fred Sclavi"
"fred-somers","Fred Somers"
"fred-tuck-cars","Fred Tuck Cars"
"fritz-riess","Fritz Riess"
"fs-properties","F&S Properties"
"g-caprara","G. Caprara"
"ga-vandervell","G.A. Vandervell"
"gaetano-starrabba","Gaetano Starrabba"
"garvey-team-lotus","Garvey Team Lotus"
"gauloises-prost-peugeot","Gauloises Prost Peugeot"
"gene-mason-racing","Gene Mason Racing"
"geoffrey-crossley","Geoffrey Crossley"
"george-bignotti","George Bignotti"
"george-leitenberger","George Leitenberger"
"george-salih","George Salih"
"george-tuffanelli","George Tuffanelli"
"george-walther-jr","George Walther Jr."
"georges-berger","Georges Berger"
"georges-grignard","Georges Grignard"
"gerhard-mitter","Gerhard Mitter"
"gerry-ashmore","Gerry Ashmore"
"gilby-engineering","Gilby Engineering"
"gino-munaron","Gino Munaron"
"giorgio-scarlatti","Giorgio Scarlatti"
"giovanni-de-riu","Giovanni de Riu"
"gold-leaf-team-lotus","Gold Leaf Team Lotus"
"goulds-garage-bristol","Gould's Garage Bristol"
"graham-whitehead","Graham Whitehead"
"grancor-auto-specialists","Grancor Auto Specialists"
"grant-piston-ring","Grant Piston Ring"
"gunther-bechem","Günther Bechem"
"gus-hutchison","Gus Hutchison"
"guy-ligier","Guy Ligier"
"guy-mairesse","Guy Mairesse"
"ha-chapman","H.A. Chapman"
"haas-f1-team","Haas F1 Team"
"hans-herrmann","Hans Herrmann"
"hans-klenk","Hans Klenk"
"hans-stuck","Hans Stuck"
"hap-sharp","Hap Sharp"
"harry-dunn","Harry Dunn"
"harry-schell","Harry Schell"
"hart-fullerton","Hart Fullerton"
"hb-bewaking-alarm-systems","HB Bewaking Alarm Systems"
"hb-bewaking-alarmsystemen","HB Bewaking Alarmsystemen"
"hb-bewaking-team-ensign","HB Bewaking Team Ensign"
"helmut-niedermayr","Helmut Niedermayr"
"henry-yunik","Henry Yunik"
"heros-racing-corporation","Heros Racing Corporation"
"heros-racing","Heros Racing"
"hesketh-racing","Hesketh Racing"
"hexagon-of-highgate","Hexagon of Highgate"
"hh-gould","H.H. Gould"
"hh-johnson","H.H. Johnson"
"high-efficiency-motors","High Efficiency Motors"
"hispania-racing-f1-team","Hispania Racing F1 Team"
"hl-motors","H&L Motors"
"hollywood-march-racing","Hollywood March Racing"
"honda-marlboro-mclaren","Honda Marlboro McLaren"
"honda-racing-f1-team","Honda Racing F1 Team"
"honda-racing","Honda Racing"
"honda-rd-company","Honda R&D Company"
"hoover-motor-express-inc","Hoover Motor Express Inc."
"horschell-racing-corporation","Horschell Racing Corporation"
"howard-keck","Howard Keck"
"hrt-formula-1-team","HRT Formula 1 Team"
"hsbc-malaysia-stewart-ford","HSBC Malaysia Stewart Ford"
"hsbc-stewart-ford","HSBC Stewart Ford"
"hubert-hahne","Hubert Hahne"
"hw-motors","HW Motors"
"ian-raby-racing","Ian Raby Racing"
"iberia-airlines","Iberia Airlines"
"indianapolis-race-cars","Indianapolis Race Cars"
"infiniti-red-bull-racing","Infiniti Red Bull Racing"
"ing-renault-f1-team","ING Renault F1 Team"
"interscope-racing","Interscope Racing"
"interscope-shadow-racing","Interscope Shadow Racing"
"isobele-de-tomaso","Isobele de Tomaso"
"j-ensley-s-murphy","J. Ensley & S. Murphy"
"j-frank-harrison","J. Frank Harrison"
"j-wheeler-autosport","J. Wheeler Autosport"
"ja-pearce-engineering-ltd","J.A. Pearce Engineering Ltd"
"jack-brabham","Jack Brabham"
"jack-hinkle","Jack Hinkle"
"jack-holme","Jack Holme"
"jackie-pretorius","Jackie Pretorius"
"jaguar-racing-f1-team","Jaguar Racing F1 Team"
"jb-naylor","J.B. Naylor"
"jc-agajanian","J.C. Agajanian"
"jean-behra","Jean Behra"
"jean-lucienbonnet","Jean Lucienbonnet"
"jim-hall","Jim Hall"
"jim-robbins","Jim Robbins"
"jo-bonnier","Jo Bonnier"
"jo-siffert-automobiles","Jo Siffert Automobiles"
"joakim-bonnier-racing-team","Joakim Bonnier Racing Team"
"joe-fry","Joe Fry"
"joe-hunt","Joe Hunt"
"joe-kelly","Joe Kelly"
"joe-lubin","Joe Lubin"
"john-dalton","John Dalton"
"john-fisher","John Fisher"
"john-goldie-racing-with-hexagon","John Goldie Racing with Hexagon"
"john-james","John James"
"john-l-mcdaniel","John L. McDaniel"
"john-love","John Love"
"john-m-wyatt-iii","John M. Wyatt III"
"john-maryon","John Maryon"
"john-mecom","John Mecom"
"john-player-special-team-lotus","John Player Special Team Lotus"
"john-player-team-lotus","John Player Team Lotus"
"john-r-wills","John R. Wills"
"john-willment-automobiles","John Willment Automobiles"
"john-zink","John Zink"
"jolly-club-of-switzerland","Jolly Club of Switzerland"
"jolly-club-spa","Jolly Club SpA"
"jordan-ford","Jordan Ford"
"jordan-grand-prix","Jordan Grand Prix"
"jorge-daponte","Jorge Daponte"
"jose-froilan-gonzalez","José Froilán González"
"josef-peters","Josef Peters"
"joseph-massaglia-jr","Joseph Massaglia Jr."
"js-belond","J.S. Belond"
"js-donaldson","J.S. Donaldson"
"juan-manuel-fangio","Juan Manuel Fangio"
"junior-larrousse-f1","Junior Larrousse F1"
"kalamazoo-sports-inc","Kalamazoo Sports Inc."
"karl-hall","Karl Hall"
"kelemata-osella","Kelémata Osella"
"ken-downing","Ken Downing"
"ken-kavanagh","Ken Kavanagh"
"ken-paul-inc","Ken-Paul Inc."
"ken-wharton","Ken Wharton"
"kl-minardi-asiatech","KL Minardi Asiatech"
"kojima-engineering","Kojima Engineering"
"kurt-kuhnke","Kurt Kuhnke"
"kurtis-kraft-inc","Kurtis Kraft Inc."
"landis-gyr-osella","Landis & Gyr Osella"
"larrousse-calmels","Larrousse Calmels"
"larrousse-f1","Larrousse F1"
"lavazza-march","Lavazza March"
"lawson-organisation","Lawson Organisation"
"lbt-team-march","LBT Team March"
"leader-cards-inc","Leader Cards Inc."
"lec-refrigeration-racing","LEC Refrigeration Racing"
"lee-elkins","Lee Elkins"
"leonard-a-faas","Leonard A. Faas"
"leroy-e-foutch-jr","LeRoy E. Foutch Jr."
"leslie-d-hawthorn","Leslie D. Hawthorn"
"leslie-marr","Leslie Marr"
"lewis-welch","Lewis Welch"
"lexington-racing","Lexington Racing"
"leyton-house-march-racing-team","Leyton House March Racing Team"
"leyton-house-racing","Leyton House Racing"
"life-racing-engines","Life Racing Engines"
"liggett-group-with-bs-fabrications","Liggett Group with BS Fabrications"
"ligier-gauloises-blondes","Ligier Gauloises Blondes"
"ligier-gitanes-blondes","Ligier Gitanes Blondes"
"ligier-gitanes","Ligier Gitanes"
"ligier-loto","Ligier Loto"
"lindsey-hopkins","Lindsey Hopkins"
"lois-minardi-team","Lois Minardi Team"
"lola-bms-scuderia-italia","Lola BMS Scuderia Italia"
"lola-cars","Lola Cars"
"lotus-f1-team","Lotus F1 Team"
"lotus-racing","Lotus Racing"
"lotus-renault-gp","Lotus Renault GP"
"louis-chiron","Louis Chiron"
"louise-bryden-brown","Louise Bryden-Brown"
"lucky-strike-bar-honda","Lucky Strike BAR Honda"
"lucky-strike-honda-racing-f1-team","Lucky Strike Honda Racing F1 Team"
"lucky-strike-racing","Lucky Strike Racing"
"lucky-strike-reynard-bar-honda","Lucky Strike Reynard BAR Honda"
"lucky-strike-shadow-racing","Lucky Strike Shadow Racing"
"ludson-morris","Ludson & Morris"
"ludwig-fischer","Ludwig Fischer"
"luigi-piotti","Luigi Piotti"
"luki-botha","Luki Botha"
"lysle-greenman","Lysle Greenman"
"m-pete-wales","M. Pete Wales"
"ma-walker","M.A. Walker"
"maki-engineering","Maki Engineering"
"manor-marussia-f1-team","Manor Marussia F1 Team"
"manor-racing-mrt","Manor Racing MRT"
"mapfre-williams","Mapfre-Williams"
"marcel-balsa","Marcel Balsa"
"march-engineering","March Engineering"
"march-f1","March F1"
"march-grand-prix-team","March Grand Prix Team"
"march-racing-team","March Racing Team"
"maria-teresa-de-filippis","Maria Teresa de Filippis"
"mario-deliotti-racing","Mario Deliotti Racing"
"marlboro-brm","Marlboro BRM"
"marlboro-mclaren-international","Marlboro McLaren International"
"marlboro-mclaren-mercedes","Marlboro McLaren Mercedes"
"marlboro-mclaren-peugeot","Marlboro McLaren Peugeot"
"marlboro-mclaren-tag-turbo","Marlboro McLaren TAG Turbo"
"marlboro-mclaren","Marlboro McLaren"
"marlboro-team-alfa-romeo","Marlboro Team Alfa Romeo"
"marlboro-team-mclaren","Marlboro Team McLaren"
"marlboro-team-texaco","Marlboro Team Texaco"
"martini-racing-team-lotus","Martini Racing Team Lotus"
"martini-racing-team","Martini Racing Team"
"martini-racing","Martini Racing"
"marussia-f1-team","Marussia F1 Team"
"marussia-virgin-racing","Marussia Virgin Racing"
"mastercard-lola-f1-team","MasterCard Lola F1 Team"
"matchbox-team-surtees","Matchbox Team Surtees"
"matra-international","Matra International"
"matra-sports","Matra Sports"
"maurice-trintignant","Maurice Trintignant"
"mclaren-f1-team","McLaren F1 Team"
"mclaren-honda-formula-1-team","McLaren Honda Formula 1 Team"
"mclaren-honda","McLaren Honda"
"mclaren-mercedes","McLaren Mercedes"
"meiritsu-racing-team","Meiritsu Racing Team"
"mel-wiggers","Mel Wiggers"
"melchester-racing","Melchester Racing"
"memphis-international-team-surtees","Memphis International Team Surtees"
"mercedes-amg-petronas-f1-team","Mercedes-AMG Petronas F1 Team"
"mercedes-amg-petronas-formula-one-team","Mercedes AMG Petronas Formula One Team"
"mercedes-amg-petronas-motorsport","Mercedes AMG Petronas Motorsport"
"mercedes-gp-petronas-f1-team","Mercedes GP Petronas F1 Team"
"merz-engineering-inc","Merz Engineering Inc."
"mf1-racing","MF1 Racing"
"mike-fisher","Mike Fisher"
"mike-harris","Mike Harris"
"miklos-sperling","Miklos Sperling"
"mild-seven-benetton-ford","Mild Seven Benetton Ford"
"mild-seven-benetton-playlife","Mild Seven Benetton Playlife"
"mild-seven-benetton-renault","Mild Seven Benetton Renault"
"mild-seven-renault-f1-team","Mild Seven Renault F1 Team"
"milt-marton","Milt Marton"
"minardi-cosworth","Minardi Cosworth"
"minardi-f1-team","Minardi F1 Team"
"minardi-scuderia-italia","Minardi Scuderia Italia"
"minardi-team","Minardi Team"
"modena-team-spa","Modena Team SpA"
"momo-corporation","Momo Corporation"
"moneygram-haas-f1-team","MoneyGram Haas F1 Team"
"moneytron-onyx-formula-one","Moneytron Onyx Formula One"
"monte-carlo-auto-sport","Monte Carlo Auto Sport"
"monteverdi-onyx-formula-one","Monteverdi Onyx Formula One"
"motor-presse-verlag","Motor Presse Verlag"
"motor-racing-developments","Motor Racing Developments"
"mrd-international-brabham","MRD International Brabham"
"mtv-simtek-ford","MTV Simtek Ford"
"murrell-belanger","Murrell Belanger"
"nasif-estefano","Nasif Estéfano"
"national-organs-team-surtees","National Organs Team Surtees"
"neville-lederle","Neville Lederle"
"nokia-tyrrell-yamaha","Nokia Tyrrell Yamaha"
"norm-olson","Norm Olson"
"norman-c-demler","Norman C. Demler"
"norman-hall","Norman Hall"
"north-american-racing-team","North American Racing Team"
"novi-racing-corp","Novi Racing Corp."
"oasc-racing-team","ÖASC Racing Team"
"officine-alfieri-maserati","Officine Alfieri Maserati"
"olivetti-brabham","Olivetti Brabham"
"olivetti-racing","Olivetti Racing"
"olympus-cameras-with-hesketh-racing","Olympus Cameras with Hesketh Racing"
"olympus-cameras-wolf-racing","Olympus Cameras Wolf Racing"
"onofre-marimon","Onofre Marimón"
"oracle-red-bull-racing","Oracle Red Bull Racing"
"orange-arrows-asiatech","Orange Arrows Asiatech"
"orange-arrows","Orange Arrows"
"osca-automobili","OSCA Automobili"
"osella-racing-team","Osella Racing Team"
"osella-squadra-corse","Osella Squadra Corse"
"oswald-karch","Oswald Karch"
"otelle-nucci","Otelle Nucci"
"otto-adoph-stoye","Otto & Adoph Stoye"
"ottorino-volonterio","Ottorino Volonterio"
"ovoro-team-march","Ovoro Team March"
"owen-racing-organisation","Owen Racing Organisation"
"pacific-grand-prix","Pacific Grand Prix"
"pacific-team-lotus","Pacific Team Lotus"
"panasonic-toyota-racing","Panasonic Toyota Racing"
"parks-offenhauser","Parks Offenhauser"
"parmalat-forti-ford","Parmalat Forti Ford"
"parmalat-racing-team","Parmalat Racing Team"
"pat-clancy","Pat Clancy"
"patrick-neve","Patrick Nève"
"paul-pietsch","Paul Pietsch"
"paul-russo-ray-nichels","Paul Russo & Ray Nichels"
"paul-seitz","Paul Seitz"
"penske-cars","Penske Cars"
"penske-white-racing","Penske-White Racing"
"penthouse-rizla-racing-with-hesketh","Penthouse Rizla Racing with Hesketh"
"penthouse-rizla-racing","Penthouse Rizla Racing"
"pescara-racing-team","Pescara Racing Team"
"pete-lovely-volkswagen-inc","Pete Lovely Volkswagen Inc."
"pete-salemi","Pete Salemi"
"peter-hirt","Peter Hirt"
"peter-salemi-nick-rini","Peter Salemi & Nick Rini"
"peter-schmidt","Peter Schmidt"
"peter-walker","Peter Walker"
"peter-whitehead","Peter Whitehead"
"phil-cade","Phil Cade"
"phil-hill","Phil Hill"
"philip-fotheringham-parker","Philip Fotheringham-Parker"
"philippe-etancelin","Philippe Étancelin"
"piaa-tyrrell-ford","PIAA Tyrrell Ford"
"piaa-tyrrell","PIAA Tyrrell"
"piero-dusio","Piero Dusio"
"piero-scotti","Piero Scotti"
"pierre-levegh","Pierre Levegh"
"pinch-plant-ltd","Pinch Plant Ltd"
"pioneer-auto-repair","Pioneer Auto Repair"
"polar-caravans","Polar Caravans"
"porsche-system-engineering","Porsche System Engineering"
"prince-bira","Prince Bira"
"prost-gauloises-blondes","Prost Gauloises Blondes"
"prost-grand-prix","Prost Grand Prix"
"racing-associates","Racing Associates"
"racing-point-force-india-f1-team","Racing Point Force India F1 Team"
"ragno-arrows-beta-racing-team","Ragno Arrows Beta Racing Team"
"ram-penthouse-rizla-racing","RAM/Penthouse Rizla Racing"
"ram-racing-fs-properties","RAM Racing/F&S Properties"
"ram-racing-team-march","RAM Racing Team March"
"ram-racing","RAM Racing"
"ram-rainbow-jeans-racing","RAM/Rainbow Jeans Racing"
"ram-williams-grand-prix-engineering","RAM/Williams Grand Prix Engineering"
"ray-crawford","Ray Crawford"
"ray-t-brady","Ray T. Brady"
"raymond-sommer","Raymond Sommer"
"red-bull-racing-honda","Red Bull Racing Honda"
"red-bull-racing","Red Bull Racing"
"red-bull-sauber-ford","Red Bull Sauber Ford"
"red-bull-sauber-petronas","Red Bull Sauber Petronas"
"red-bull-toro-rosso-honda","Red Bull Toro Rosso Honda"
"reg-parnell-racing","Reg Parnell Racing"
"renault-dp-world-f1-team","Renault DP World F1 Team"
"renault-f1-team","Renault F1 Team"
"renault-sport-formula-one-team","Renault Sport Formula One Team"
"rennkollektiv-emw","Rennkollektiv EMW"
"repsol-arrows","Repsol Arrows"
"reventlow-automobiles-inc","Reventlow Automobiles Inc."
"revson-racing","Revson Racing"
"rhh-parnell","R.H.H. Parnell"
"rial-racing","Rial Racing"
"richard-palmer","Richard Palmer"
"ridgeway-management","Ridgeway Management"
"rj-chase","R.J. Chase"
"rob-walker-jack-durlacher-racing-team","Rob Walker/Jack Durlacher Racing Team"
"robert-bodle-ltd","Robert Bodle Ltd"
"robert-la-caze","Robert La Caze"
"robert-m-bowes-ii","Robert M. Bowes II"
"robert-obrien","Robert O'Brien"
"roberto-mieres","Roberto Mieres"
"robin-montgomerie-charrington","Robin Montgomerie-Charrington"
"rodney-nuckey","Rodney Nuckey"
"roger-wolcott","Roger Wolcott"
"rokit-williams-racing","ROKiT Williams Racing"
"ron-harris-racing-team","Ron Harris Racing Team"
"rotary-engineering-corp","Rotary Engineering Corp"
"rothmans-march-grand-prix-team","Rothmans March Grand Prix Team"
"rothmans-williams-renault","Rothmans Williams Renault"
"roy-mckay","Roy McKay"
"roy-winkelmann-racing","Roy Winkelmann Racing"
"rrc-walker-racing-team","R.R.C. Walker Racing Team"
"rt-marley-sr","R.T. Marley Sr."
"rudolf-krause","Rudolf Krause"
"sachs-racing","Sachs Racing"
"sahara-force-india-f1-team","Sahara Force India F1 Team"
"sahara-force-india-formula-one-team","Sahara Force India Formula One Team"
"sam-tingle","Sam Tingle"
"sampson-manufacturing","Sampson Manufacturing"
"samson-shadow-racing","Samson Shadow Racing"
"samuel-w-traylor-iii","Samuel W. Traylor III"
"sandy-belond","Sandy Belond"
"sasol-jordan-yamaha","Sasol Jordan Yamaha"
"sasol-jordan","Sasol Jordan"
"sauber-f1-team","Sauber F1 Team"
"sauber-petronas","Sauber Petronas"
"sauber","Sauber"
"scirocco-powell-racing-cars","Scirocco Powell Racing Cars"
"scm-minardi-team","SCM Minardi Team"
"scribante-lucky-strike-racing","Scribante Lucky Strike Racing"
"scuderia-achille-varzi","Scuderia Achille Varzi"
"scuderia-alphatauri-honda","Scuderia AlphaTauri Honda"
"scuderia-alphatauri","Scuderia AlphaTauri"
"scuderia-ambrosiana","Scuderia Ambrosiana"
"scuderia-centro-sud","Scuderia Centro Sud"
"scuderia-colonia","Scuderia Colonia"
"scuderia-de-tomaso","Scuderia de Tomaso"
"scuderia-eugenio-castellotti","Scuderia Eugenio Castellotti"
"scuderia-ferrari-hp","Scuderia Ferrari HP"
"scuderia-ferrari-marlboro","Scuderia Ferrari Marlboro"
"scuderia-ferrari-mission-winnow","Scuderia Ferrari Mission Winnow"
"scuderia-ferrari-spa-sefac","Scuderia Ferrari SpA SEFAC"
"scuderia-ferrari","Scuderia Ferrari"
"scuderia-finotto","Scuderia Finotto"
"scuderia-franera","Scuderia Franera"
"scuderia-guastalla","Scuderia Guastalla"
"scuderia-gulf-rondini","Scuderia Gulf Rondini"
"scuderia-italia","Scuderia Italia"
"scuderia-jolly-club","Scuderia Jolly Club"
"scuderia-lancia","Scuderia Lancia"
"scuderia-lupini","Scuderia Lupini"
"scuderia-marzotto","Scuderia Marzotto"
"scuderia-milano","Scuderia Milano"
"scuderia-santambroeus","Scuderia Sant'Ambroeus"
"scuderia-scribante","Scuderia Scribante"
"scuderia-serenissima","Scuderia Serenissima"
"scuderia-settecolli","Scuderia Settecolli"
"scuderia-sss-republica-di-venezia","Scuderia SSS Republica di Venezia"
"scuderia-sud-americana","Scuderia Sud Americana"
"scuderia-toro-rosso","Scuderia Toro Rosso"
"scuderia-ugolini","Scuderia Ugolini"
"scuderia-volpini","Scuderia Volpini"
"selby-auto-spares","Selby Auto Spares"
"shannon-bros","Shannon Bros"
"shannon-racing-cars","Shannon Racing Cars"
"shell-arnold-team","Shell Arnold Team"
"shellsport-whiting","ShellSport Whiting"
"shouse-motors","Shouse Motors"
"siffert-racing-team","Siffert Racing Team"
"silvio-moser","Silvio Moser"
"sir-jeremy-boles","Sir Jeremy Boles"
"skoal-bandit-formula-1-team","Skoal Bandit Formula 1 Team"
"skol-fittipaldi-team","Skol Fittipaldi Team"
"south-california-muffler-co","South California Muffler Co"
"spirit-enterprises-ltd","Spirit Enterprises Ltd"
"spirit-racing","Spirit Racing"
"sportpesa-racing-point-f1-team","SportPesa Racing Point F1 Team"
"squadra-tartaruga","Squadra Tartaruga"
"stake-f1-team-kick-sauber","Stake F1 Team Kick Sauber"
"stanley-brm","Stanley BRM"
"stichting-autoraces-nederland","Stichting Autoraces Nederland"
"stirling-moss-ltd","Stirling Moss Ltd"
"storey-ricketts","Storey & Ricketts"
"stp-corporation","STP Corporation"
"stp-march-racing-team","STP March Racing Team"
"subaru-coloni-racing","Subaru Coloni Racing"
"super-aguri-f1-team","Super Aguri F1 Team"
"tabatip-shadow-racing","Tabatip Shadow Racing"
"tag-williams-team","TAG Williams Team"
"taso-mathieson","T.A.S.O. Mathieson"
"taylor-crawley-racing-team","Taylor-Crawley Racing Team"
"team-7up-jordan","Team 7Up Jordan"
"team-ats","Team ATS"
"team-brm","Team BRM"
"team-canada-f1-racing","Team Canada F1 Racing"
"team-castrol-lotus","Team Castrol Lotus"
"team-chamaco-collect","Team Chamaco Collect"
"team-eifelland-caravans","Team Eifelland Caravans"
"team-ensign","Team Ensign"
"team-essex-lotus","Team Essex Lotus"
"team-gunston","Team Gunston"
"team-haas-usa-ltd","Team Haas USA Ltd"
"team-larrousse","Team Larrousse"
"team-lawson","Team Lawson"
"team-lotus","Team Lotus"
"team-mclaren-mercedes","Team McLaren Mercedes"
"team-merzario","Team Merzario"
"team-norev","Team Norev"
"team-pierre-robert","Team Pierre Robert"
"team-pr-reilly","Team P.R. Reilly"
"team-pretoria","Team Pretoria"
"team-rebaque","Team Rebaque"
"team-rothmans-international","Team Rothmans International"
"team-surtees","Team Surtees"
"team-tissot-ensign-with-castrol","Team Tissot Ensign with Castrol"
"team-tissot-ensign","Team Tissot Ensign"
"team-tyrrell","Team Tyrrell"
"team-williams-motul","Team Williams Motul"
"tecno-racing-team","Tecno Racing Team"
"ted-lanfear","Ted Lanfear"
"telefonica-minardi-fondmetal","Telefónica Minardi Fondmetal"
"temple-buell","Temple Buell"
"the-chequered-flag","The Chequered Flag"
"theo-helfrich","Theo Helfrich"
"theodore-racing-hong-kong","Theodore Racing Hong Kong"
"theodore-racing-team","Theodore Racing Team"
"theodore-racing","Theodore Racing"
"theodore-shadow","Theodore Shadow"
"tim-parnell","Tim Parnell"
"token-racing","Token Racing"
"toleman-group-motorsport","Toleman Group Motorsport"
"tom-jones","Tom Jones"
"tom-sarafoff","Tom Sarafoff"
"tom-wheatcroft-racing","Tom Wheatcroft Racing"
"toni-ulmen","Toni Ulmen"
"tony-crook","Tony Crook"
"tony-gaze","Tony Gaze"
"tony-marsh","Tony Marsh"
"total-jordan-peugeot","Total Jordan Peugeot"
"tourtel-larrousse-f1","Tourtel Larrousse F1"
"trevor-blokdyk","Trevor Blokdyk"
"trojan-tauranac-racing","Trojan-Tauranac Racing"
"troy-oil","Troy Oil"
"trust-minardi-cosworth","Trust Minardi Cosworth"
"tuffanelli-derrico","Tuffanelli-Derrico"
"tw-wt-martin","TW & WT Martin"
"tyrrell-racing-organisation","Tyrrell Racing Organisation"
"tyrrell-racing-team","Tyrrell Racing Team"
"tyrrell-yamaha","Tyrrell Yamaha"
"udt-laystall-racing-team","UDT Laystall Racing Team"
"unipart-racing-team","Unipart Racing Team"
"united-racing-stable","United Racing Stable"
"uop-shadow-racing","UOP Shadow Racing"
"uralkali-haas-f1-team","Uralkali Haas F1 Team"
"usfg-arrows-ford","USF&G Arrows Ford"
"usfg-arrows-megatron","USF&G Arrows Megatron"
"vandervell-products","Vandervell Products"
"vels-parnelli-jones-racing","Vel's Parnelli Jones Racing"
"verlin-brown","Verlin Brown"
"vicomtesse-de-walckiers","Vicomtesse de Walckiers"
"villiger-shadow","Villiger Shadow"
"virgin-racing","Virgin Racing"
"visa-cash-app-rb-f1-team","Visa Cash App RB F1 Team"
"vodafone-mclaren-mercedes","Vodafone McLaren Mercedes"
"w-j","W. + J."
"w-thayer-martin","W. Thayer Martin"
"walter-wolf-racing","Walter Wolf Racing"
"warsteiner-arrows-racing-team","Warsteiner Arrows Racing Team"
"warsteiner-brewery","Warsteiner Brewery"
"west-mclaren-mercedes","West McLaren Mercedes"
"west-zakspeed-racing","West Zakspeed Racing"
"willi-heeks","Willi Heeks"
"willi-kauhsen-racing-team","Willi Kauhsen Racing Team"
"willi-krakau","Willi Krakau"
"william-ansted","William Ansted"
"william-lutes","William Lutes"
"william-p-forbes","William P. Forbes"
"williams-f1-team","Williams F1 Team"
"williams-grand-prix-engineering","Williams Grand Prix Engineering"
"williams-martini-racing","Williams Martini Racing"
"williams-racing","Williams Racing"
"winfield-williams","Winfield Williams"
"wolcott-memorial-racing-team","Wolcott Memorial Racing Team"
"wolf-williams-racing","Wolf-Williams Racing"
"wolfgang-seidel","Wolfgang Seidel"
"world-wide-racing","World Wide Racing"
"ws-aston","W.S. Aston"
"yardley-team-brm","Yardley Team BRM"
"yardley-team-mclaren","Yardley Team McLaren"
"yeoman-credit-racing-team","Yeoman Credit Racing Team"
"yunick-glover-lathrop","Yunick, Glover & Lathrop"
"yves-giraud-cabantous","Yves Giraud-Cabantous"
